{"cameraMode":{"drawMode":0,"name":"Shaded","section":"Shading Mode"},"sceneLighting":true,"audioPlay":false,"sceneViewState":{"m_AlwaysRefresh":false,"showFog":true,"showSkybox":true,"showFlares":true,"showImageEffects":true,"showParticleSystems":true,"showVisualEffectGraphs":true,"m_FxEnabled":true},"in2DMode":false,"pivot":{"x":0.7335824966430664,"y":0.7914740443229675,"z":1.1398273706436158},"rotation":{"x":-0.03833793103694916,"y":0.482993483543396,"z":-0.021173005923628808,"w":-0.8745340704917908},"size":1.5073950290679932,"orthographic":false}