{"cameraMode":{"drawMode":0,"name":"Shaded","section":"Shading Mode"},"sceneLighting":true,"audioPlay":false,"sceneViewState":{"m_AlwaysRefresh":false,"showFog":true,"showSkybox":true,"showFlares":true,"showImageEffects":true,"showParticleSystems":true,"showVisualEffectGraphs":true,"m_FxEnabled":true},"in2DMode":false,"pivot":{"x":-0.405290424823761,"y":-0.16011083126068116,"z":2.7242043018341066},"rotation":{"x":-0.12590289115905763,"y":0.25929203629493716,"z":-0.03410184383392334,"w":-0.9569689631462097},"size":0.90739506483078,"orthographic":false}