{"cameraMode":{"drawMode":0,"name":"Shaded","section":"Shading Mode"},"sceneLighting":true,"audioPlay":false,"sceneViewState":{"m_AlwaysRefresh":false,"showFog":true,"showSkybox":true,"showFlares":true,"showImageEffects":true,"showParticleSystems":true,"showVisualEffectGraphs":true,"m_FxEnabled":true},"in2DMode":false,"pivot":{"x":-11.593794822692871,"y":-1.6942692995071412,"z":0.7005743980407715},"rotation":{"x":-0.07969076186418534,"y":0.6823170781135559,"z":-0.07522760331630707,"w":-0.7227969169616699},"size":7.203612327575684,"orthographic":false}