{"cameraMode":{"drawMode":0,"name":"Shaded","section":"Shading Mode"},"sceneLighting":false,"audioPlay":false,"sceneViewState":{"m_AlwaysRefresh":false,"showFog":true,"showSkybox":false,"showFlares":true,"showImageEffects":true,"showParticleSystems":true,"showVisualEffectGraphs":true,"m_FxEnabled":true},"in2DMode":false,"pivot":{"x":-0.42500001192092898,"y":0.8510000109672546,"z":0.17499998211860658},"rotation":{"x":-0.06824114173650742,"y":0.6780367493629456,"z":-0.06344330310821533,"w":-0.7291393280029297},"size":0.1415097564458847,"orthographic":false}