{"cameraMode":{"drawMode":0,"name":"Shaded","section":"Shading Mode"},"sceneLighting":true,"audioPlay":false,"sceneViewState":{"m_AlwaysRefresh":false,"showFog":true,"showSkybox":true,"showFlares":true,"showImageEffects":true,"showParticleSystems":true,"showVisualEffectGraphs":true,"m_FxEnabled":true},"in2DMode":false,"pivot":{"x":1.1620378494262696,"y":0.5274651646614075,"z":2.627906560897827},"rotation":{"x":-0.07965736836194992,"y":0.040955185890197757,"z":-0.0032766147051006557,"w":-0.9959758520126343},"size":2.292893409729004,"orthographic":false}