{"cameraMode":{"drawMode":0,"name":"Shaded","section":"Shading Mode"},"sceneLighting":true,"audioPlay":false,"sceneViewState":{"m_AlwaysRefresh":false,"showFog":true,"showSkybox":true,"showFlares":true,"showImageEffects":true,"showParticleSystems":true,"showVisualEffectGraphs":true,"m_FxEnabled":true},"in2DMode":false,"pivot":{"x":2.0498404502868654,"y":-0.2912501096725464,"z":0.3380036950111389},"rotation":{"x":0.2822510600090027,"y":-0.17714102566242219,"z":0.05311579629778862,"w":0.9413414597511292},"size":1.7752552032470704,"orthographic":false}