{"cameraMode":{"drawMode":0,"name":"Shaded","section":"Shading Mode"},"sceneLighting":true,"audioPlay":false,"sceneViewState":{"m_AlwaysRefresh":false,"showFog":true,"showSkybox":true,"showFlares":true,"showImageEffects":true,"showParticleSystems":true,"showVisualEffectGraphs":true,"m_FxEnabled":true},"in2DMode":false,"pivot":{"x":-1.0714819431304932,"y":-0.39025837182998659,"z":1.9720712900161744},"rotation":{"x":0.10421594977378845,"y":-0.4729945659637451,"z":0.05646491423249245,"w":0.8730506896972656},"size":1.7752552032470704,"orthographic":false}